;Rename.csv

;一つ目にゲームで読み込める文字列、二つ目に自分でつけたい名前にし、間をコンマ（ , ）で挟んでください。

;このファイルへの記入例）

;***********************************
;TALENT:110 , 巨乳
;NAME:10 ,  咲夜
;***********************************




;○素質へ変換
TALENT:0 , 素質:処女
TALENT:10 , 素質:臆病
TALENT:11 , 素質:反抗的
TALENT:12 , 素質:気丈
TALENT:13 , 素質:素直
TALENT:14 , 素質:大人しい
TALENT:15 , 素質:プライド高い
TALENT:16 , 素質:生意気
TALENT:17 , 素質:プライド低い
TALENT:18 , 素質:ツンデレ
TALENT:20 , 素質:自制心
TALENT:21 , 素質:無関心
TALENT:22 , 素質:感情乏しい
TALENT:23 , 素質:好奇心
TALENT:24 , 素質:保守的
TALENT:25 , 素質:楽観的
TALENT:26 , 素質:悲観的
TALENT:27 , 素質:一線越えない
TALENT:28 , 素質:目立ちたがり
TALENT:30 , 素質:貞操観念
TALENT:31 , 素質:貞操無頓着
TALENT:32 , 素質:抑圧
TALENT:33 , 素質:解放
TALENT:34 , 素質:抵抗
TALENT:35 , 素質:恥じらい
TALENT:36 , 素質:恥薄い
TALENT:37 , 素質:弱味
TALENT:40 , 素質:痛みに弱い
TALENT:41 , 素質:痛みに強い
TALENT:42 , 素質:濡れやすい
TALENT:43 , 素質:濡れにくい
TALENT:50 , 素質:習得早い
TALENT:51 , 素質:習得遅い
TALENT:52 , 素質:舌使い
TALENT:53 , 素質:針さばき
TALENT:54 , 素質:猫舌
TALENT:55 , 素質:調合知識
TALENT:56 , 素質:薬毒耐性
TALENT:57 , 素質:おもらし癖
TALENT:60 , 素質:自慰しやすい
TALENT:61 , 素質:汚臭鈍感
TALENT:62 , 素質:汚臭敏感
TALENT:63 , 素質:献身的
TALENT:64 , 素質:汚れ無視
TALENT:70 , 素質:快感に素直
TALENT:71 , 素質:快感の否定
TALENT:72 , 素質:中毒しやすい
TALENT:73 , 素質:即落ち
TALENT:74 , 素質:淫壷
TALENT:75 , 素質:淫核
TALENT:76 , 素質:淫乱
TALENT:77 , 素質:尻穴狂い
TALENT:78 , 素質:淫乳
TALENT:79 , 素質:マゾ
TALENT:80 , 素質:倒錯的
TALENT:81 , 素質:両刀
TALENT:82 , 素質:男嫌い
TALENT:83 , 素質:サド
TALENT:84 , 素質:嫉妬
TALENT:85 , 素質:恋慕
TALENT:86 , 素質:妄信
TALENT:87 , 素質:小悪魔
TALENT:88 , 素質:親愛
TALENT:89 , 素質:相愛
TALENT:90 , 素質:妖狐
TALENT:91 , 素質:魅惑
TALENT:92 , 素質:謎の魅力
TALENT:93 , 素質:狐
TALENT:100 , 素質:小柄体型
TALENT:101 , 素質:Ｃ鈍感
TALENT:102 , 素質:Ｃ敏感
TALENT:103 , 素質:Ｖ鈍感
TALENT:104 , 素質:Ｖ敏感
TALENT:105 , 素質:Ａ鈍感
TALENT:106 , 素質:Ａ敏感
TALENT:107 , 素質:Ｂ鈍感
TALENT:108 , 素質:Ｂ敏感
TALENT:109 , 素質:貧乳
TALENT:110 , 素質:巨乳
TALENT:111 , 素質:回復早い
TALENT:112 , 素質:回復遅い
TALENT:113 , 素質:魅力
TALENT:114 , 素質:吸血鬼
TALENT:115 , 素質:日光浴
TALENT:116 , 素質:月光浴
TALENT:117 , 素質:治療
TALENT:118 , 素質:鼓舞
TALENT:119 , 素質:半人半妖
TALENT:120 , 素質:不思議な根
TALENT:121 , 素質:ふたなり
TALENT:122 , 素質:オトコ
TALENT:123 , 素質:狂気
TALENT:124 , 素質:動物耳
TALENT:125 , 素質:禁断の知識
TALENT:126 , 素質:人気
TALENT:127 , 素質:具現
TALENT:128 , 素質:蓬莱人
TALENT:129 , 素質:狂気の目
TALENT:130 , 素質:母乳体質
TALENT:131 , 素質:幼児／幼児退行
TALENT:132 , 素質:幼稚
TALENT:133 , 素質:早漏
TALENT:134 , 素質:妊娠
TALENT:135 , 素質:育児中
TALENT:136 , 素質:母性
TALENT:142 , 素質:着痩せ
TALENT:149 , 素質:小人体型
TALENT:150 , 素質:パートナー
TALENT:151 , 素質:キス未経験
TALENT:152 , 素質:合意
TALENT:153 , 素質:恋人
TALENT:154 , 素質:童貞
TALENT:155 , 素質:キス魔
TALENT:200 , 素質:幻想郷の女性を虜にする程度の能力
TALENT:201 , 素質:eratohoJも支配する程度の能力
TALENT:202 , 素質:脱衣制限解除
TALENT:203 , 素質:恋人ボーナス強化
TALENT:204 , 素質:恋慕ボーナス強化
TALENT:205 , 素質:親愛ボーナス強化
TALENT:206 , 素質:淫乱ボーナス強化
TALENT:207 , 素質:逃走能力強化
TALENT:208 , 素質:後戻りできる程度の能力
TALENT:209 , 素質:野菜を育てる程度の能力
TALENT:210 , 素質:バグだらけな程度の能力
TALENT:211 , 素質:変身魔法
TALENT:212 , 素質:結界操作
TALENT:213 , 素質:羽
TALENT:214 , 素質:角
TALENT:215 , 素質:しっぽ
TALENT:216 , 素質:奇跡
TALENT:217 , 素質:酒豪
TALENT:218 , 素質:眷属
TALENT:219 , 素質:奴隷
TALENT:220 , 素質:主人
TALENT:221 , 素質:お嫁さん
TALENT:222 , 素質:お婿さん
TALENT:250 , 素質:着痩せ
TALENT:518 , 素質:強気
TALENT:575 , 素質:好色
TALENT:589 , 素質:蕩唇
TALENT:596 , 素質:Ｍ鈍感
TALENT:597 , 素質:Ｍ敏感

;○能力へ変換
ABL:0 , 能力:親密
ABL:1 , 能力:欲望
ABL:2 , 能力:技巧
ABL:3 , 能力:Ｃ感覚
ABL:4 , 能力:Ｖ感覚
ABL:5 , 能力:Ａ感覚
ABL:6 , 能力:奉仕精神
ABL:7 , 能力:露出癖
ABL:8 , 能力:マゾっ気
ABL:9 , 能力:レズっ気
ABL:10 , 能力:自慰中毒
ABL:11 , 能力:精液中毒
ABL:12 , 能力:レズ中毒
ABL:13 , 能力:ＢＬっ気
ABL:14 , 能力:Ｂ感覚
ABL:15 , 能力:サドっ気
ABL:16 , 能力:ＢＬ中毒
ABL:17 , 能力:Ｍ感覚
ABL:81 , 能力:好感度ボーナス
ABL:82 , 能力:生活費軽減
ABL:83 , 能力:戦闘経験ボーナス
ABL:84 , 能力:霧無効化能力強化
ABL:85 , 能力:霧浄化能力強化
ABL:86 , 能力:獲得資金増加
ABL:87 , 能力:戦闘能力強化
ABL:88 , 能力:戦闘技能
ABL:89 , 能力:金銭感覚
ABL:90 , 能力:料理技能
ABL:91 , 能力:撮影技能
ABL:92 , 能力:歌唱技能
ABL:97 , 能力:浪費癖
ABL:98 , 能力:戦闘素質

;○珠へ変換
JUEL:0 , 珠:快Ｃ
JUEL:1 , 珠:快Ｖ
JUEL:2 , 珠:快Ａ
JUEL:4 , 珠:恭順
JUEL:5 , 珠:欲情
JUEL:6 , 珠:屈服
JUEL:7 , 珠:習得
JUEL:8 , 珠:恥情
JUEL:9 , 珠:苦痛
JUEL:10 , 珠:恐怖
JUEL:14 , 珠:快Ｂ
JUEL:15 , 珠:好意
JUEL:16 , 珠:生活
JUEL:17 , 珠:優越
JUEL:18 , 珠:快Ｍ
JUEL:100 , 珠:否定

;○経験へ変換
EXP:0 , 経験:Ｖ経験
EXP:1 , 経験:Ａ経験
EXP:2 , 経験:絶頂経験
EXP:3 , 経験:射精経験
EXP:10 , 経験:自慰経験
EXP:11 , 経験:強制自慰経験
EXP:20 , 経験:精液経験
EXP:21 , 経験:奉仕快楽経験
EXP:22 , 経験:フェラ経験
EXP:23 , 経験:愛情経験
EXP:24 , 経験:膣射経験
EXP:30 , 経験:苦痛快楽経験
EXP:31 , 経験:放尿経験
EXP:32 , 経験:Ａ快楽経験
EXP:40 , 経験:レズ経験
EXP:41 , 経験:ＢＬ経験
EXP:50 , 経験:異常経験
EXP:51 , 経験:緊縛経験
EXP:52 , 経験:Ｖ拡張経験
EXP:53 , 経験:Ａ拡張経験
EXP:54 , 経験:噴乳経験
EXP:55 , 経験:触手経験
EXP:56 , 経験:吸血経験
EXP:57 , 経験:被吸血経験
EXP:60 , 経験:産卵経験
EXP:61 , 経験:出産経験
EXP:90 , 経験:家事経験
EXP:91 , 経験:撮影経験
EXP:92 , 経験:被写経験
EXP:93 , 経験:歌唱経験
EXP:94 , 経験:デート経験
EXP:95 , 経験:戦闘経験
EXP:96 , 経験:キス経験
EXP:97 , 経験:主導経験
EXP:98 , 経験:記憶消去経験

;○道具へ変換
ITEM:0 , 道具:ローター
ITEM:1 , 道具:バイブ
ITEM:2 , 道具:Ｅマッサージャ
ITEM:3 , 道具:アナルバイブ
ITEM:4 , 道具:ペニスバンド
ITEM:5 , 道具:アイマスク
ITEM:6 , 道具:ビデオカメラ
ITEM:7 , 道具:クリキャップ
ITEM:8 , 道具:二プルキャップ
ITEM:9 , 道具:ボールギャグ
ITEM:10 , 道具:鞭
ITEM:11 , 道具:針
ITEM:13 , 道具:プレイマット
ITEM:14 , 道具:縄
ITEM:15 , 道具:浣腸器＋プラグ
ITEM:16 , 道具:大鏡
ITEM:17 , 道具:搾乳器
ITEM:18 , 道具:首輪
ITEM:19 , 道具:エプロン
ITEM:20 , 道具:アナルビーズ
ITEM:21 , 道具:空気ポンプ
ITEM:22 , 道具:拡張バルーン
ITEM:23 , 道具:電極プラグ
ITEM:24 , 道具:触手操作術
ITEM:25 , 道具:ローション
ITEM:26 , 道具:媚薬
ITEM:27 , 道具:利尿剤
ITEM:28 , 道具:ビデオテープ
ITEM:29 , 道具:フィルム
ITEM:30 , 道具:具材セット
ITEM:31 , 道具:蓋付き瓶
ITEM:32 , 道具:コンドーム
ITEM:33 , 道具:排卵誘発剤
ITEM:34 , 道具:緊急避妊薬
ITEM:35 , 道具:オムツ
ITEM:40 , 道具:クスコ
ITEM:41 , 道具:注射セット
ITEM:42 , 道具:聴診器
ITEM:43 , 道具:サラシ
ITEM:44 , 道具:スクール水着
ITEM:45 , 道具:マイク
ITEM:46 , 道具:プラカード
ITEM:47 , 道具:カメラ
ITEM:51 , 道具:櫛
ITEM:59 , 道具:編集機材
ITEM:60 , 道具:【技巧Lv】
ITEM:61 , 道具:【アサ○グラフ】
ITEM:62 , 道具:【汚れ無視】
ITEM:63 , 道具:【サド】
ITEM:64 , 道具:【早漏】
ITEM:65 , 道具:【調合知識】
ITEM:66 , 道具:【禁断の知識】
ITEM:67 , 道具:【変身魔法】
ITEM:68 , 道具:【結界操作】
ITEM:70 , 道具:元気になる薬
ITEM:71 , 道具:薬の材料(双)
ITEM:72 , 道具:薬の材料(消)
ITEM:73 , 道具:青いキャンディ
ITEM:74 , 道具:赤いキャンディ
ITEM:75 , 道具:豊胸剤
ITEM:76 , 道具:縮胸剤
ITEM:77 , 道具:抑プロラクチン薬
ITEM:78 , 道具:３環系抗鬱薬
ITEM:79 , 道具:黄色のキャンディ
ITEM:83 , 道具:性転換薬
ITEM:99 , 道具:【初月モード】
ITEM:500 , 道具:シダーウッド
ITEM:501 , 道具:サイプレスウッド
ITEM:502 , 道具:アローズウッド
ITEM:503 , 道具:ペパーミント
ITEM:504 , 道具:メリッサ
ITEM:505 , 道具:ミルトス
ITEM:506 , 道具:ジャスミン
ITEM:507 , 道具:ラヴェンダー
ITEM:508 , 道具:ムスク
ITEM:509 , 道具:フランキンセンス
ITEM:510 , 道具:惚れ薬ホレールＡ
ITEM:511 , 道具:惚れ薬シチリンＸ
ITEM:512 , 道具:惚れ薬ヤゴコロＺ
ITEM:513 , 道具:銘酒「月世界」
ITEM:514 , 道具:銘酒「鬼殺し」
ITEM:515 , 道具:スピリタス
ITEM:516 , 道具:お天気ママさん
ITEM:517 , 道具:秘仙丹
ITEM:518 , 道具:天界の桃
ITEM:519 , 道具:新芽のエキス
ITEM:520 , 道具:若木のエキス
ITEM:521 , 道具:大樹のエキス
ITEM:522 , 道具:朝の雫
ITEM:523 , 道具:夜の雫
ITEM:524 , 道具:紫色の秘薬
ITEM:525 , 道具:満月の秘薬
ITEM:526 , 道具:娼婦の秘薬
ITEM:527 , 道具:赤色の秘薬
ITEM:528 , 道具:桃色の秘薬
ITEM:529 , 道具:空色の秘薬
ITEM:530 , 道具:黒猫の秘薬
ITEM:800 , 道具:レシピの断片
ITEM:850 , 道具:ペンデュラム
ITEM:851 , 道具:魔法瓶
ITEM:852 , 道具:ライオットドール
ITEM:853 , 道具:壊れたドール
ITEM:854 , 道具:紅魔サーキット
ITEM:855 , 道具:冥界サーキット
ITEM:856 , 道具:永夜サーキット
ITEM:857 , 道具:博麗サーキット
ITEM:858 , 道具:守矢サーキット
ITEM:859 , 道具:地霊サーキット
ITEM:860 , 道具:聖輦サーキット
ITEM:861 , 道具:神霊サーキット
ITEM:900 , 道具:雑草
ITEM:901 , 道具:薬草
ITEM:902 , 道具:どんぐり
ITEM:903 , 道具:りんご
ITEM:904 , 道具:牛乳
ITEM:905 , 道具:四葉のクローバー
ITEM:906 , 道具:長ネギ
ITEM:907 , 道具:カレー粉
ITEM:908 , 道具:ヤツメウナギ
ITEM:909 , 道具:ポーション
ITEM:910 , 道具:茶葉
ITEM:911 , 道具:亀の甲羅
ITEM:912 , 道具:紅白まんじゅう
ITEM:913 , 道具:お札
ITEM:914 , 道具:霧の湖の水
ITEM:915 , 道具:カエル
ITEM:916 , 道具:氷精の氷
ITEM:917 , 道具:紅い霧の瓶詰め
ITEM:918 , 道具:ひまわり
ITEM:919 , 道具:蜂蜜
ITEM:920 , 道具:蓮の花
ITEM:921 , 道具:プロテア
ITEM:922 , 道具:ベニテングタケ
ITEM:923 , 道具:コウモリの羽
ITEM:924 , 道具:大理石のカケラ
ITEM:925 , 道具:小さなヒトダマ
ITEM:926 , 道具:電池
ITEM:927 , 道具:温泉のお湯
ITEM:928 , 道具:温泉卵
ITEM:929 , 道具:硫黄
ITEM:930 , 道具:湯の花
ITEM:931 , 道具:アオカビ
ITEM:932 , 道具:銀の食器
ITEM:933 , 道具:魔女のお香
ITEM:934 , 道具:禁書目録
ITEM:935 , 道具:桜の花びら
ITEM:936 , 道具:焼き鳥
ITEM:937 , 道具:ふしぎなキノコ
ITEM:938 , 道具:西行妖の花びら
ITEM:939 , 道具:ポップコーン
ITEM:940 , 道具:ソフトクリーム
ITEM:941 , 道具:ネズミのしっぽ
ITEM:942 , 道具:ヒトデ
ITEM:943 , 道具:ガラスのカケラ
ITEM:944 , 道具:サンゴ
ITEM:945 , 道具:孔雀の羽
ITEM:946 , 道具:ライオンのたてがみ
ITEM:947 , 道具:海水
ITEM:948 , 道具:貝殻
ITEM:949 , 道具:真珠
ITEM:950 , 道具:漢書
ITEM:951 , 道具:ミイラ
ITEM:952 , 道具:化石
ITEM:953 , 道具:フィルムの切れ端
ITEM:954 , 道具:豆
ITEM:955 , 道具:銃弾
ITEM:956 , 道具:黒い髪
ITEM:957 , 道具:リボン
ITEM:958 , 道具:魚
ITEM:959 , 道具:ウミネコ
ITEM:960 , 道具:真っ赤な彼岸花
ITEM:961 , 道具:餅
ITEM:962 , 道具:桃
ITEM:963 , 道具:ロケットの破片
ITEM:964 , 道具:月の石
ITEM:965 , 道具:汚れた布きれ
ITEM:966 , 道具:鉄クズ
ITEM:967 , 道具:天狗の羽
ITEM:968 , 道具:御柱
ITEM:969 , 道具:まな板
ITEM:970 , 道具:小さな要石
ITEM:971 , 道具:無縫の天衣
ITEM:972 , 道具:骨
ITEM:973 , 道具:車輪
ITEM:974 , 道具:黒太陽の炎
ITEM:975 , 道具:不思議な眼球
ITEM:976 , 道具:ハリボテ
ITEM:977 , 道具:鉄板
ITEM:978 , 道具:マグマの杖
ITEM:979 , 道具:丈夫な糸
ITEM:980 , 道具:妖精の羽
ITEM:981 , 道具:盗品
ITEM:982 , 道具:掴める雲
ITEM:983 , 道具:虎の毛皮
ITEM:984 , 道具:船の一部
ITEM:985 , 道具:数珠
ITEM:986 , 道具:アホ毛
ITEM:987 , 道具:バラの棘
ITEM:988 , 道具:ダークマター
ITEM:989 , 道具:肉
ITEM:990 , 道具:騎馬の手綱
ITEM:991 , 道具:十字架
ITEM:992 , 道具:聖骸布

;○刻印へ変換
MARK:0 , 刻印:苦痛依存
MARK:1 , 刻印:快楽依存
MARK:2 , 刻印:既成事実
MARK:3 , 刻印:反発感情

;○パラへ変換
PALAM:0 , パラ:快Ｃ
PALAM:1 , パラ:快Ｖ
PALAM:2 , パラ:快Ａ
PALAM:3 , パラ:潤滑
PALAM:4 , パラ:恭順
PALAM:5 , パラ:欲情
PALAM:6 , パラ:屈服
PALAM:7 , パラ:習得
PALAM:8 , パラ:恥情
PALAM:9 , パラ:苦痛
PALAM:10 , パラ:依存
PALAM:11 , パラ:反感
PALAM:12 , パラ:不快
PALAM:13 , パラ:抑鬱
PALAM:14 , パラ:快Ｂ
PALAM:15 , パラ:好意
PALAM:16 , パラ:生活
PALAM:17 , パラ:優越
PALAM:100 , パラ:否定

;○調教へ変換
TRAIN:0 , 調教:愛撫
TRAIN:1 , 調教:クンニ
TRAIN:2 , 調教:アナル愛撫
TRAIN:3 , 調教:自慰
TRAIN:4 , 調教:フェラする
TRAIN:5 , 調教:胸愛撫
TRAIN:6 , 調教:キスする
TRAIN:7 , 調教:何もしない
TRAIN:8 , 調教:指挿入れ
TRAIN:9 , 調教:アナル舐め 
TRAIN:10 , 調教:ローター
TRAIN:11 , 調教:バイブ
TRAIN:12 , 調教:Ｅマッサージャ
TRAIN:13 , 調教:アナルバイブ
TRAIN:14 , 調教:クリキャップ
TRAIN:15 , 調教:二プルキャップ
TRAIN:16 , 調教:搾乳機
TRAIN:17 , 調教:オナホール
TRAIN:18 , 調教:シャワー
TRAIN:19 , 調教:アナルビーズ 
TRAIN:20 , 調教:正常位
TRAIN:21 , 調教:後背位
TRAIN:22 , 調教:アナルセックス
TRAIN:23 , 調教:逆レイプ
TRAIN:24 , 調教:対面座位
TRAIN:25 , 調教:背面座位
TRAIN:26 , 調教:正常位アナル
TRAIN:27 , 調教:後背位アナル
TRAIN:28 , 調教:対面座位アナル
TRAIN:29 , 調教:背面座位アナル
TRAIN:30 , 調教:手淫
TRAIN:31 , 調教:フェラチオ
TRAIN:32 , 調教:パイズリ
TRAIN:33 , 調教:素股
TRAIN:34 , 調教:騎乗位
TRAIN:35 , 調教:泡踊り
TRAIN:36 , 調教:騎乗位アナル
TRAIN:37 , 調教:足扱き
TRAIN:39 , 調教:オナホ手淫
TRAIN:40 , 調教:スパンキング
TRAIN:41 , 調教:鞭
TRAIN:42 , 調教:針
TRAIN:43 , 調教:アイマスク
TRAIN:44 , 調教:縄
TRAIN:45 , 調教:ボールギャグ
TRAIN:46 , 調教:浣腸器＋プラグ
TRAIN:47 , 調教:空気浣腸
TRAIN:48 , 調教:拡張バルーン
TRAIN:49 , 調教:アナル電極
TRAIN:50 , 調教:ローション
TRAIN:51 , 調教:媚薬
TRAIN:52 , 調教:利尿剤
TRAIN:53 , 調教:ビデオカメラ
TRAIN:54 , 調教:野外プレイ
TRAIN:56 , 調教:助手を犯す
TRAIN:57 , 調教:羞恥プレイ
TRAIN:58 , 調教:お風呂場プレイ
TRAIN:59 , 調教:新妻プレイ
TRAIN:60 , 調教:助手にキス
TRAIN:61 , 調教:クンニ強制
TRAIN:62 , 調教:ダブル素股
TRAIN:63 , 調教:貝あわせ
TRAIN:64 , 調教:３Ｐ
TRAIN:65 , 調教:助手を犯させる
TRAIN:66 , 調教:Ｗフェラ
TRAIN:67 , 調教:足コキする
TRAIN:68 , 調教:ダブルフェラ
TRAIN:69 , 調教:シックスナイン
TRAIN:70 , 調教:罵倒
TRAIN:71 , 調教:秘貝開帳
TRAIN:72 , 調教:サラシ
TRAIN:73 , 調教:スク水プレイ
TRAIN:74 , 調教:公開野外ライブ
TRAIN:75 , 調教:言葉責め
TRAIN:78 , 調教:鰻風呂
TRAIN:79 , 調教:蟲風呂
TRAIN:80 , 調教:イラマチオ
TRAIN:81 , 調教:フィストファック
TRAIN:82 , 調教:アナルフィスト
TRAIN:83 , 調教:両穴フィスト
TRAIN:84 , 調教:Ｇスポット刺激
TRAIN:85 , 調教:放尿
TRAIN:86 , 調教:強制放尿
TRAIN:87 , 調教:岩清水
TRAIN:88 , 調教:乱れ牡丹
TRAIN:89 , 調教:女体盛り
TRAIN:90 , 調教:アナル愛撫させる
TRAIN:93 , 調教:アナル奉仕強制
TRAIN:100 , 調教:触手召喚
TRAIN:101 , 調教:触手挿入
TRAIN:102 , 調教:アナル触手
TRAIN:103 , 調教:触手クリ責め
TRAIN:104 , 調教:触手乳首責め
TRAIN:105 , 調教:触手搾乳
TRAIN:106 , 調教:触手緊縛
TRAIN:107 , 調教:触手浣腸
TRAIN:108 , 調教:触手口辱
TRAIN:109 , 調教:触手ペニス責め
TRAIN:110 , 調教:クスコ
TRAIN:111 , 調教:クリトリス注射
TRAIN:112 , 調教:ヴァギナ注射
TRAIN:113 , 調教:アナル注射
TRAIN:114 , 調教:バスト注射
TRAIN:115 , 調教:お医者プレイ
TRAIN:128 , 調教:膣酒呑み
TRAIN:150 , 調教:吸血
TRAIN:151 , 調教:吸血させる
TRAIN:152 , 調教:半霊を犯す
TRAIN:153 , 調教:尻子玉抜き
TRAIN:154 , 調教:焼芋責め
TRAIN:155 , 調教:巨峰責め
TRAIN:156 , 調教:荊
TRAIN:157 , 調教:人形愛撫
TRAIN:158 , 調教:蜘蛛の糸
TRAIN:159 , 調教:蜘蛛の脚
TRAIN:160 , 調教:全身コキ
TRAIN:161 , 調教:鈴蘭の毒
TRAIN:162 , 調教:昆虫採集セットの薬
TRAIN:163 , 調教:わかめ酒
TRAIN:164 , 調教:筆責め
TRAIN:165 , 調教:氷柱責め
TRAIN:166 , 調教:角愛撫
TRAIN:167 , 調教:角挿入
TRAIN:168 , 調教:角アナル挿入
TRAIN:169 , 調教:豆炙り
TRAIN:170 , 調教:アナル卒塔婆
TRAIN:172 , 調教:暗闇
TRAIN:181 , 調教:コンドーム
TRAIN:182 , 調教:コンドーム精飲(P)
TRAIN:183 , 調教:コンドーム精飲(A)
TRAIN:184 , 調教:コンドーム精飲(M)
TRAIN:185 , 調教:口移し
TRAIN:186 , 調教:排卵誘発剤
TRAIN:187 , 調教:緊急避妊薬
TRAIN:190 , 調教:優しくする
TRAIN:191 , 調教:手淫する
TRAIN:192 , 調教:パイズリする
TRAIN:193 , 調教:正常位させる
TRAIN:194 , 調教:後背位させる
TRAIN:195 , 調教:騎乗位する
TRAIN:196 , 調教:ペニバン挿入
TRAIN:197 , 調教:お風呂を楽しむ
TRAIN:198 , 調教:お外を楽しむ
TRAIN:199 , 調教:お嫁さんで楽しむ
TRAIN:200 , 調教:乳の揉み合い
TRAIN:201 , 調教:指フェラ
TRAIN:202 , 調教:ワカメ酒
TRAIN:203 , 調教:クスコされる
TRAIN:204 , 調教:アナルに入れさせる
TRAIN:205 , 調教:自慰見せつけ
TRAIN:255 , 調教:挿入Ｇスポ責め
TRAIN:256 , 調教:挿入子宮口責め
TRAIN:281 , 調教:
TRAIN:282 , 調教:
TRAIN:283 , 調教:
TRAIN:284 , 調教:
TRAIN:285 , 調教:
TRAIN:286 , 調教:
TRAIN:287 , 調教:
TRAIN:288 , 調教:
TRAIN:289 , 調教:
TRAIN:290 , 調教:
TRAIN:291 , 調教:
TRAIN:292 , 調教:
TRAIN:293 , 調教:
TRAIN:294 , 調教:
TRAIN:295 , 調教:
TRAIN:296 , 調教:
TRAIN:297 , 調教:
TRAIN:298 , 調教:
TRAIN:300 , 調教:戦闘訓練
TRAIN:301 , 調教:会話
TRAIN:302 , 調教:プレゼント
TRAIN:303 , 調教:スキンシップ
TRAIN:304 , 調教:まったりする
TRAIN:305 , 調教:家事
TRAIN:306 , 調教:髪梳き
TRAIN:307 , 調教:櫛で梳かす
TRAIN:308 , 調教:羽繕い
TRAIN:309 , 調教:素材探し
TRAIN:310 , 調教:調合
TRAIN:311 , 調教:甘い言葉
TRAIN:312 , 調教:頭を撫でる
TRAIN:313 , 調教:願掛け
TRAIN:314 , 調教:炬燵にあたる
TRAIN:315 , 調教:お散歩する
TRAIN:320 , 調教:宴会に参加
TRAIN:321 , 調教:遊びに行く
TRAIN:322 , 調教:ストリートライブ
TRAIN:323 , 調教:デート
TRAIN:340 , 調教:バードキス
TRAIN:341 , 調教:ソフトキス
TRAIN:342 , 調教:ディープキス
TRAIN:360 , 調教:胸愛撫
TRAIN:361 , 調教:愛撫
TRAIN:362 , 調教:指挿入れ
TRAIN:363 , 調教:セックス
TRAIN:364 , 調教:着衣Ｇスポット刺激
TRAIN:365 , 調教:着衣後背位
TRAIN:366 , 調教:着衣騎乗位
TRAIN:367 , 調教:着衣ローター
TRAIN:368 , 調教:炬燵かがり
TRAIN:369 , 調教:炬燵隠れ
TRAIN:370 , 調教:抱き合う
TRAIN:371 , 調教:オムツ
TRAIN:372 , 調教:尻愛撫
TRAIN:373 , 調教:フェラチオ
TRAIN:380 , 調教:フェラする
TRAIN:381 , 調教:セックスさせる
TRAIN:391 , 調教:衣装替え
TRAIN:392 , 調教:衣装破り
TRAIN:393 , 調教:見つめあう
TRAIN:399 , 調教:告白する

