0,EXフラグ,;エクストラキャラフラグ、CSVにてセットで1の時はエクストラキャラ
1,助手可能,;1：売却可能になる（正しJには売却が無い。RR時の仕様)。2：助手が可能になる
2,好感度
;3,EVENT_K42でCFLAG:3 = 2が実施されているがミス
4,汚物排泄による異常経験フラグ,;EVENT2.ERBを参照のこと（排泄で異常経験を取得するのは最初の１回だけ）※数値 0：未経験 1：経験済み
;5 CPMで使用
;6 CPMで使用
7,別れる不可,;１になると別れる不可。相愛は別れる不可か別個に判断しているので、相愛取得イベントを作成した際に１にする必要なし
;8,採取した黄金水の処理関連フラグ,;AFTERTRA.ERBとSWEET_POTATO_1.ERBで使用。RRの名残
;9,採取した尻子玉の処理関連フラグ,;AFTERTRA.ERBとSWEET_POTATO_1.ERBで使用。RRの名残
10,毒カウンター,;鈴蘭の毒を喰らった事で貯まるポイント（喰らった回数ではないので注意）COMF161.ERBを参照のこと
;11,採取した母乳の処理関連フラグ,;TRACHECK.ERBとSWEET_POTATO_1.ERBを参照のこと。RRの名残
;	（現在の仕様だと母乳採取が出来るのが１回だけらしい。FLAG:50や600番台と不整合？）
;	※数値	0：未採取	1：採取した	2：展示室に置いた
12,主導権基準値,;RR時に産卵回数として使用されている EVENT_E.ERBとSWEET_POTATO_1.ERBを参照のこと
;	（[妊娠]が要るはずなので、１度のウフフ中では１回しか産卵できない事なっているが、
;	仮にデータをいじって１回のウフフ中に何回も産卵したとしても、やはり産卵回数は＋１しかされない）
13,待機中行動
;	待機中行動の記録で使用。
;	0：何もさせない　1：修行　2：リフレッシュ　3：自給自足　4：連携を確認する　5：家事　6：妖怪退治
;	7：イチャイチャする	8：朝フェラ　9：自慰　10：レズ行為　11：性行為　12：宝探し
;	展示室に写真を保存した事があるかどうかのフラグ SWEET_POTATO_1.ERBを参照のこと
;	※数値 0：まだ保管してない 1：最低１枚は保管済み
;14 CONCERT.ERBとRANDOM_S.ERBで使用(Jでは種族の設定及び活用はされていない)
;	RR時点で初期異常経験の格納先に使用されていた模様。Jでは22が格納先。
15,主導権,;主導権決定用フラグ(0：ランダム 1：強制主人公側 2：強制相手側)
16,非表示,;非表示にするかどうか;	展示室へＧＥＴしたパンティーをしまいにきた回数
17,Ph霧飲まれかけフラグ,;Phモード限定の霧に飲まれかけたかどうかフラグ;	※数値 0：まだそんな事は無い 1：飲まれかけた
18,加入後経過日数,;仲間になってからの日数。Phモード専用。
19,Ph霧飲まれかけポイント,;Phモード限定の霧に飲まれかけたかどうかポイント。17に１が代入されるとこちらは＋１される。5（+霧浄化能力強化）になると完全に霧に飲み込まれる
20,Ph勝敗
;	Phモード時にパートナーが倒れる、またはボスか中ボスに勝利した時増加
;	[休憩]を選択（コレはPhでなくともＯＫ）した時に－１０（正し０止まりでマイナスにはならない）される。
;	霧に飲まれるかどうかの判定に使用。ファンタズム専用。
21,別れ,;別れデータ復帰用のフラグ。引継ぎ有りで別れた場合に1になる。仲間には居ないけど、データだけ所持してる状態となる。
22,初期異常経験,;初期異常経験の格納先。EVENT_S.ERBにて使用
23,アクセサリ1,;主人公の場合は自動装着。パートナーならつけているアクセサリの番号記録。吸血させる処理で使用？との記載があったが現在見当たらず
24,アクセサリ2,;主人公（SQJではパートナーも）がつけているアクセサリの番号記録
25,初期噴乳経験,;初期噴乳経験の格納先。EVENT_S.ERBにて使用
26,サド人数,;MASTERがTARGETに【サド】をつけた回数を保存
27,金稼ぎ実行フラグ,;甲斐性無しモード発動時のエンゲージリング購入に向けた金稼ぎ実行フラグ。1になっていると金稼ぎを実行するがへそくりとして溜め込んでおり、現金は増えない
;30,カウンターパッチで使用
31,主人気絶回数,;主人公の耐力が500以下になりパートナーと過ごすが終了した際に増加
32,記憶消去薬,;記憶消去薬で使用
33,危険日の周期
34,ADDIN-FUNCによる、朝夜イベント回避復帰関数にて使用
;35-40 GREP未検出
41,TS時の素質保存,;性別反転時に使用。各ビットで設定する。1、ふたなり　2、不思議な根　4、具現　8、貧乳　16、巨乳　32、処女　64、母乳体質　128、童貞　256、早漏
;42-43 GREP未検出
44,コマンドフィルタ1,;コマンドフィルタで使用
45,コマンドフィルタ2,;コマンドフィルタで使用
46,コマンドフィルタ3,;コマンドフィルタで使用
47,コマンドフィルタ4,;コマンドフィルタで使用
48,コマンドフィルタ5,;コマンドフィルタで使用
49,コマンドフィルタ6,;コマンドフィルタで使用
50,コマンドフィルタ7,;コマンドフィルタで使用
51,コマンドフィルタ8,;コマンドフィルタで使用
52,コマンドフィルタ9,;コマンドフィルタで使用
53,コマンドフィルタ10,;コマンドフィルタで使用
54,コマンドフィルタ11,;コマンドフィルタで使用
55,コマンドフィルタ12,;コマンドフィルタで使用
56,コマンドフィルタ13,;コマンドフィルタで使用
57,コマンドフィルタ14,;コマンドフィルタで使用
58,コマンドフィルタ15,;コマンドフィルタで使用
59,コマンドフィルタ16,;コマンドフィルタで使用
60,素質発覚1,;ステータスインビジブルで使用
61,素質発覚2,;ステータスインビジブルで使用
62,素質発覚3,;ステータスインビジブルで使用
;63-67 GREP未検出
68,KOJO_VERSION,;口上のバージョン判定
69,独自コマンド使用判定
70,ゆーしす存在判定,;ゆーしすの存在判定及び嫁からウフフ機能を使うためのフラグ
71,パートナー回数,;パートナーして過ごした回数（ゆーしす）
72,助手回数,;助手として過ごした回数;（ゆーしす）
73,パートナーウフフ回数,;パートナーとしてウフフした回数（ゆーしす）
74,助手ウフフ回数,;助手としてウフフした回数（ゆーしす）
75,仲間になった日
76,仲間になった月
77,仲間になってからの期間
78,別れていた期間
79,キャラ検索に使用
80,キャラソート使用,;1 = 存在 2 = パートナー 3 = 助手
81,キャラID,;同じキャラでも個別に判断するためのID。設定されているだけ
82,放尿ポイント,;[おもらし癖]が無くて放尿した場合に加算されていくポイント、EVENT_M.ERBを参照のこと
;83-95 GREP未検出 84,現在未使用。旧経験変動判定。89,現在未使用。日常パッチ
96,回復素質記録,;妊娠時に付加される回復遅い等を元々持っているか記録するフラグ
97,朝イベントカットフラグ,;朝イベントをカットするかどうかのフラグ。
98,夜イベントカットフラグ,;夜イベントをカットするかどうかのフラグ。
99,地の文カットフラグ,;地の文章をカットするかどうかのフラグ。※数値 0：カットしない 1：カットする
100,貞操,;貞操を守れるなら
101,中出し,;主人による中出しカウント用。EVENT_N.ERB,EVENT_SHOOT_N.ERB参照のこと。検索する時は CFLAG:ASSI:101 か CFLAG:TARGET:101 で
102,対助手射精量,;助手による中出しカウント用。EVENT_N.ERB,EVENT_SHOOT_N.ERB参照のこと。検索する時は CFLAG:TARGET:102 で
103,奴隷中出し,;パートナーによる中出しカウント用。EVENT_N.ERB,EVENT_SHOOT_N.ERB参照のこと。検索する時は、CFLAG:PLAYER:103 で
104,種提供者
;	誰に妊娠させられたのかのフラグ EVENT_N.ERBを参照のこと
;	変数Ｔを使っているので、 CFLAG:T:104 で検索すべし。（Ｔは妊娠した側、つまり種ではなく畑の方）
;	※数値 1：主人 2：助手 3：奴隷
;	つまり CFLAG:T:104が３ で T=ASSI だった場合、助手のハラが奴隷の子種を宿したことになる
;105,ゴム射用フラグ,;妊娠モードで、コンドームを装着したまま射精した時に１になるフラグ
;	設定はしているが、判定に使用していない。反映ミスかと思われる。
106,ぶっ掛け場所,;現在不使用。EVENT_SHOOT_N.ERBとEVENT_SHOOT_M.ERBとEVENT_N.ERBを参照のこと。※数値 1：髪 2：顔 3：胸 4：腹 5：腋 6：太もも 7：割れ目 8：尻 9：コンドーム内
107,使用済みコンドーム判定,;誰がコンドームに射精したかのフラグ。※数値 1：主人 2：助手 4：奴隷（各ビットで設定する。３だったら主人と助手の２つの精液入りコンドーム有り、となる）
108,誰の精液を口に含んでいるか判定,;（マスター = 1, 助手 = 2, パートナー = 3）EVENT_N.ERBを参照のこと
109,排卵誘発剤経験,;排卵誘発剤使用経験の有無。あると１になるフラグ
110,出産日,
111,父親,

;※これ以降は口上内分岐条件フラグ。
;以下に示したのはテンプレにあるものではあるが、
;この口上には必ずしもこの番号を使わなければいけないという物では無い
;要はフラグ被りが無ければ問題ない
;テンプレで使用しているCFLAGは599までと1000～
;600～999は一部を除いて各口上用の空きCFLAGとなっている

;100番台は旧テンプレでの仕様なので採用しない
;112 口上内分岐条件フラグ [告白成功]用
;113 口上内分岐条件フラグ [告白失敗]用
;114 口上内分岐条件フラグ [服を無理やり脱がせる]用
;115 口上内分岐条件フラグ [服を脱がせる]用
;116 口上内分岐条件フラグ [服脱がせ失敗]用
;117 口上内分岐条件フラグ [「合意」で服脱がせる]用
;118 口上内分岐条件フラグ [道中攻略成功]用
;119 口上内分岐条件フラグ [道中攻略失敗]用
;120 口上内分岐条件フラグ [ボス戦前会話]用
;121 口上内分岐条件フラグ [ボス戦勝利後会話]用
;122 口上内分岐条件フラグ [ボス戦敗北会話]用
;123 口上内分岐条件フラグ [耐力ゼロ]用
;124 口上内分岐条件フラグ [全滅]用
;125 口上内分岐条件フラグ [主人だけやられる]用
;126 口上内分岐条件フラグ [主人のみでお金稼ぎ]用
;127 口上内分岐条件フラグ [二人でお金稼ぎ]用
;128 口上内分岐条件フラグ [弁当販売]用
;129 口上内分岐条件フラグ [弁当を食べる]用
;130 口上内分岐条件フラグ [戦闘訓練]用
;131 口上内分岐条件フラグ [休憩]用
;132 口上内分岐条件フラグ [パートナー交代]用
;133 口上内分岐条件フラグ [助手交代]用
;134 口上内分岐条件フラグ [分かれる]用
;135 口上内分岐条件フラグ [デート中に向こうからファーストキス]用
;136 口上内分岐条件フラグ [デート中にむこうから告白]用
;137 口上内分岐条件フラグ [我慢できず押し倒される]用
;138 口上内分岐条件フラグ [オープニング]用
;139 口上内分岐条件フラグ [エンディング]用
;140 口上内分岐条件フラグ [３ボス戦後]用
;141 口上内分岐条件フラグ [６ボス戦前]用
;142 口上内分岐条件フラグ [ボスとして出現]用
;143 口上内分岐条件フラグ [ボスとして倒される]用
;146 口上内分岐条件フラグ [戦闘訓練]用
;147 口上内分岐条件フラグ [会話]用

201,初パートナーと過ごす
;このへんややこしいからおいとく
;202 簡易助手口上
;203 簡易助手口上
;204 簡易助手口上
;205 簡易助手口上
;206 簡易助手口上
;207 簡易助手口上 PANCTION.ERBで使用。オナ禁日数の現在の記録
;208 簡易助手口上 PANCTION.ERBで使用。「現在のオナ禁継続日数（０ならオナ禁していない）」として使用
;209 簡易助手口上
;210 簡易助手口上
;211 簡易助手口上 PANCTION.ERBで使用。（前回の調教で調教者として一度以上調教コマンドを実行した）
;212 簡易助手口上 PANCTION.ERBで使用。（1=助手として奴隷の処女を奪った、2=加えてその奴隷が恋慕、3と4はそれぞれ1と2と同じで、口上主がペニスを使用）
;213 簡易助手口上 PANCTION.ERBで使用。（口上主が助手として処女を奪った数の累計）
;214 簡易助手口上 PANCTION.ERBで使用。（1=助手であった口上主の処女を主人が奪った、2=奴隷に奪わせた）
;215 簡易助手口上 PANCTION.ERBで使用。（助手としての仕事がどの程度あったか。
;	0は一切出番なし、1はカメラのみ、2は軽い行為参加、3は奴隷同士の行為、4は主人との行為、5はそもそも奴隷がオトコ）
;216 簡易助手口上
;217 簡易助手口上 PANCTION.ERBで使用。前回調教した相手のキャラ番号を保存します。
;218 簡易助手口上
;219 簡易助手口上 PANCTION.ERBで使用。調教したキャラを保存
220,エキストラモード構文
221,朝になったとき
222,告白失敗
223,服を無理矢理脱がせる
224,服を脱がせる
225,服脱がせ失敗
226,「合意」で服脱がせる
227,道中攻略成功
228,道中攻略失敗
229,ボス戦開始
230,ボス戦勝利
231,ボス戦敗北
232,３ボス後
233,６ボス前
234,ボスとして出現
235,ボスとして倒される
236,耐力ゼロ
237,全滅
238,主人公だけやられる
239,主人公がお金稼ぎ
240,２人でお金稼ぎ
241,弁当販売
242,弁当食べる
243,戦闘訓練
244,休憩
245,パートナー交代
246,助手交代
247,デート中に向こうからプレゼント
248,食後に押し倒す
249,食後に押し倒す
250,食後に押し倒す
251,堪えて立ち去る(ターゲットは自慰)
252,立ち去ろうとしたら押し倒された
253,立ち去ろうとしたら押し倒された
254,立ち去ろうとしたら押し倒された
255,撤退
256,野外ライブ
257,ストリートライブ
258,パートナー交代（パートナーに選んだ時）

297,苦痛依存Lv3取得
298,快楽依存Lv3取得
299,既成事実取得
300,反発感情取得
301,調教後自慰
302,レズプレイ
303,朝フェラ
304,調教後セックス
305,調教後セックス
306,調教後セックス
307,調教後夜這い
308,調教後夜這い
309,調教後夜這い
310,夜這いキス
311,添い寝
312,晩酌
313,朝パイズリ
314,朝騎乗位
315,朝貝合わせ
316,朝新妻プレイ
317,朝新妻プレイ非セックス
318,朝キス
319,朝クンニ
320,朝正常位させる
321,朝パイズリする
322,添い寝
323,起きるまで見てるだけ1
324,起きるまで見てるだけ2
325,フライパンとお玉で(ry
326,ステージ攻略開始
327,道中攻略中断（撤退)
328,ボス戦などから撤退するときに失敗してパートナーを庇う
341,初めて好意がLV2超えた
342,初めて生活がLV2超えた
343,初めて優位がLV2超えた
344,初めて潤滑がLV2超えた
345,初めて欲情がLV2超えた,;初めて恥情がLV2超えた(大型テンプレでは恥情を374に移動)
346,初めて恐怖がLV2超えた
347,初めてC絶頂
348,初めてV絶頂
349,初めてA絶頂
350,初めてB絶頂
351,処女喪失(処女のみ)
352,セックスで射精させた
353,セックスで射精させた
354,手で射精させた
355,口で射精させた
356,口で射精させた
357,射精した(ふたなり/オトコのみ)
358,噴乳した(母乳体質のみ)
359,Ｃ感覚Lv5でＣ絶頂50以上
360,Ｖ感覚Lv5でＶ絶頂50以上
361,Ａ感覚Lv5でＡ絶頂50以上
362,Ｂ感覚Lv5でＢ絶頂50以上
363,泡踊りで射精
364,シックスナインで射精
365,四重絶頂時の口上分岐に使用,(霊夢口上固有)
366,素股で射精させた
367,足コキ射精
368,挿入Gスポット
369,挿入子宮口
370,膣酒呑み
371,キスで射精
372,髪梳き
373,櫛で梳かす
374,初めて恥情がLv2を超えた
375,助手を犯すで射精
376,3P,Wフェラ等で助手が射精
377,我慢できず押し倒される
378,初めてM絶頂
379,Ｍ感覚Lv5でＭ絶頂50以上
380,初めてのウフフ突入で[合意]を得られたかどうか
381,温泉での抱き合うで射精させた
382,カウンターで射精させられた(アナルセックス)
383,カウンターで射精させられた(セックス)
384,パートナーがフェラするで射精
385,パートナーが手淫するで射精
386,パートナーがパイズリで射精
387,パートナーがクンニで射精
388,パートナーがセックスで射精
389,イラマチオで射精
390,逆レイプで射精
391,パートナーがアナルに入れさせるで射精
392,アナル愛撫させるで実行者が射精

401,戦闘訓練
402,会話
403,プレゼント
404,宴会に参加
405,スキンシップ
406,遊びに行く
407,デート
408,まったりする
409,家事
410,バードキス
411,ソフトキス
412,ディープキス
413,胸愛撫
414,愛撫
415,告白する
416,愛撫
417,クンニ
418,岩清水
419,自慰（公開除く）
420,シャワーオナニー（公開除く）
421,胸愛撫
422,キス
423,何もしない
424,指挿入れ
425,Gスポット刺激
426,ローター
427,バイブ開始時
428,バイブ終了時
429,Ｅマッサージャ
430,クリキャップ開始時
431,クリキャップ終了時
432,ニプルキャップ開始時
433,ニプルキャップ終了時
434,シャワー開始時
435,シャワー終了時
436,正常位
437,後背位
438,対面座位
439,背面座位
440,乱れ牡丹
441,手淫
442,フェラチオ
443,パイズリ
444,素股
445,騎乗位
446,泡踊り
447,スパンキング
448,アイマスク開始時
449,アイマスク終了時
450,ローション使用
451,羞恥プレイ開始時
452,羞恥プレイ終了時
453,お風呂場プレイ開始時
454,お風呂場プレイ終了時
455,新妻プレイ開始時
456,新妻プレイ終了時
457,シックスナイン
458,イラマチオ
459,アナル愛撫
460,公開オナニー
461,公開シャワーオナニー
462,フェラされる
463,アナルバイブ開始時
464,アナルバイブ終了時
465,搾乳機開始時
466,搾乳機終了時
467,オナホール開始時
468,オナホール終了時
469,アナルセックス
470,逆レイプ
471,鞭
472,針
473,縄開始時
474,縄終了時
475,ボールギャグ開始時
476,ボールギャグ終了時
477,浣腸
478,排泄
479,媚薬使用
480,ビデオカメラ使用
481,野外プレイ開始時
482,野外プレイ終了時
483,助手を犯す
484,フィストファック
485,アナルフィスト
486,両穴フィスト
487,触手召喚開始時
488,触手召喚終了時
489,利尿剤
490,放尿
491,強制放尿
492,３P
493,クンニ強制
494,貝合わせ
495,シックスナイン
496,罵倒
497,秘貝開帳
498,吸血
499,吸血させる
500,コンドーム(主人/助手に付ける)
501,コンドーム(主人/助手から外す)
502,コンドーム(パートナーに付ける)
503,コンドーム(パートナーから外す)
504,コンドーム精飲(パートナー)
505,コンドーム精飲(助手)
506,コンドーム精飲(主人)
507,口移し
508,排卵誘発剤(パートナーが服用)
509,排卵誘発剤(パートナー以外が服用)
510,緊急避妊薬
511,優しくする,;TFLAG:17で内容を取得可能。17パターンほど有るので遭難注意(0:頭を撫でる、1:部屋の掃除(デフォでコメントアウト)、2:羞恥プレイ中に目を覆う、3:羞恥プレイ中に鏡の中のパートナーを見つめる、4:羞恥プレイ中に後ろから抱き締める、5:目を舐める、6:へそ;を舐める、7:背筋を舐める、8:脇を舐める、9:膝枕をしてあげる、10:首筋やうなじを舐める、11:後ろから抱き締める、12:耳元で愛を囁く、13:耳攻め、14:全身を撫でる(ローションがあると使用)、15:体を擦り付ける(ローションがあると使用)、16:くすぐる)
512,手淫する
513,パイズリする
514,正常位させる
515,後背位させる
516,騎乗位する
517,ペニバン挿入
518,お風呂を楽しむ
519,お外を楽しむ
520,お嫁さんで楽しむ
521,足コキする
522,乳の揉み合い
523,着衣指挿入れ
524,着衣Gスポ
525,セックス
526,着衣後背位
527,着衣騎乗位
528,素材探し
529,調合
530,着衣ローター開始
531,着衣ローター終了
532,羽繕い
533,甘い言葉
534,賭博
535,指フェラ
536,足扱き
537,言葉責め
538,頭を撫でる
539,願掛け
540,炬燵にあたる開始
541,炬燵にあたる終了
542,炬燵に使用中に船を漕ぐ
543,炬燵に使用中に熟睡
544,お散歩する
545,抱き合う
546,アナル舐め
547,アナルビーズ開始時
548,アナルビーズ終了時
549,正常位アナル
550,後背位アナル
551,対面座位アナル
552,背面座位アナル
553,騎乗位アナル
554,アナル奉仕強制
555,アナルバイブ付きアナル愛撫
556,アナルビーズ付きアナル愛撫
557,バイブ出し入れ,;(表示上では[指挿入れ])
558,抱き合うin温泉デート
;559,ADDIN-FUNCによる、朝夜イベント回避復帰関数にて使用
560,オナホ手淫
561,スク水プレイ開始
562,スク水プレイ終了
563,サラシ
564,サラシをはずす
565,お医者プレイ開始
566,お医者プレイ終了
567,クスコ
568,クスコをはずす
569,触手挿入,;====ココからは紳士御用達の触手関連
570,触手挿入終了
571,アナル触手
572,アナル触手終了
573,触手乳首責め
574,触手乳首攻め終了
575,触手搾乳
576,触手搾乳終了
577,触手緊縛開始
578,触手緊縛終了
579,触手クリ責め
580,触手クリ責め終了
581,触手浣腸
582,触手浣腸終了
583,触手口辱
584,触手口辱終了
585,触手ペニス責め
586,触手ペニス責め終了,==紳士の触手タイム終了==
587,相手のスパンキング
588,相手の言葉責め
589,相手の鞭
590,相手の針
591,相手に主導権がある状態で頭を撫でる
592,髪を梳いてもらう
593,羽繕いしてもらう
594,縁側でくつろぐ
595,フェラする(非ウフフ)
596,セックスさせる
597,クスコされる
598,炬燵かがり
599,炬燵隠れ

;600～999は一部を除いて各口上用の空きCFLAGとなっている
;600～999のシステム関係のCFLAG
;650,ゆーくしょんを使用かするかどうかのフラグだったけど放棄
651,口上カットY,;ゆーくしょんにおける口上カットフラグ
652,次回コマンド判定スルー,;ゆーくしょんにおける次回コマンド判定スルーフラグ
653,調教強制終了,;ゆーくしょんにおける調教強制終了関数で使用

778,幻想郷行き先制限,;口上側で行き先を制限する場合に使用（幻想郷）
779,外界行き先制限,;口上側で行き先を制限する場合に使用（外界）
780,デート場所強制指定
781,妖怪の山強制指定,;デート場所強制指定時に妖怪の山の場所強制指定
782,固有デート場所,;口上固有デート場所追加時フラグ(1, 幻想郷 2, 外界でビット判定)

;1000以降口上テンプレートの設定有
1000,尻素股
1001,アナルに入れさせる
1002,アナル愛撫させる
1003,触手変身開始時
1004,触手変身終了時
1005,キス正常位
1006,キス後背位
1007,キス対面座位
1008,キス背面座位
1009,キス騎乗位
1010,目隠しされる
1011,拘束される
1012,口枷される
1013,尻尾コキ
1014,ウサ耳コキ
1015,ワカメ酒
1016,自慰見せつけ
1017,剃毛プレイ TARGET主導権
1018,剃毛プレイ PLAYER主導権
1019,オムツ開始時
1020,オムツ終了時
1021,尻愛撫
1022,フェラチオ（着衣時）
1023,衣装替え
1024,衣装破り
1025,見つめあう



