0,ローター,200,
1,バイブ,500,
;2,Ｅマッサージャ,5000,
3,アナルバイブ,5000,
4,ペニスバンド,2000,
5,アイマスク,4000,
6,ビデオカメラ,7000,
;7,クリキャップ,2000,
;8,二プルキャップ,3000,
9,ボールギャグ,1000,
10,鞭,200,
11,針,5000,
12,オナホール,4000,
13,プレイマット,5000,;お風呂場でプレイの幅が広がる
14,縄,3000,
15,浣腸器具一式,9000,
16,大鏡,30000,;羞恥プレイが可能になる
;17,搾乳器,1500,
18,首輪,5000,;野外プレイが可能になる
19,エプロン,10000,;新妻プレイが可能になる
20,アナルビーズ,7000,
;21,空気ポンプ,10000,
;22,拡張バルーン,30000,
;23,電極プラグ,50000,
24,触手使役術,10000,;触手調教が可能になる
25,ローション,200,
26,媚薬,2000,
27,利尿剤,1000,
;28,ビデオテープ,500,;ビデオカメラの使用に必要。使い捨て
29,コンドーム,100,;避妊することこそ愛
;30,具材セット,2000,;女体盛りを実行するために必要
;31,蓋付き瓶,1000,;母乳や黄金水を採取するために必要
33,排卵誘発剤,50000,;孕ませるのもまた愛の形
34,緊急避妊薬,2000,;モーニングアフターピルのこと。中出ししたいけど妊娠は嫌だというわがままさん向け
35,オムツ,100,;使い捨て
;;25～38番までは複数購入できる道具用の枠に
	;;40番からは新規に実装された調教アイテムを。今のところ59番のみ別枠扱いなのは調教強化の道具であるため
40,クスコ,10000,
;41,注射セット,50000,
;42,聴診器,30000,;お医者プレイが可能になる
;43,サラシ,20000,;奴隷の胸にサラシを巻くことができるようになる
;44,スクール水着,50000,;スク水プレイが可能になる。フリーサイズ
45,マイク,40000,;野外ライブを開くことができる
;46,プラカード,4000,;公衆便所プレイをするために必要
51,櫛,1000,;髪を梳かす事が出来るようになる
52,炬燵,20000,;冬場の必需品にして、日本最大の発明品！電源が無い場合の熱源は火鉢と一緒
;59,編集機材,50000,;ビデオ売却価格が上がる
	;;60番からは能力獲得のアイテムを。
60,【技巧Lv】,5000,;プレイヤーの技巧を上昇
;61,【撮影技能】,30000,; プレイヤーのABL:撮影技術をあげる
62,【汚れ無視】,10000,;プレイヤーにABL:汚れ無視がつく
63,【サド】,50000,;プレイヤーにABL:サドがつく
64,【早漏】,10000,;プレイヤーにABL:早漏がつく
;65,【調合知識】,80000,;プレイヤーにABL:調合知識がつく
66,【禁断の知識】,80000,;プレイヤーにABL:禁断の知識がつく
67,【変身魔法】,50000,;プレイヤーにABL:変身魔法を使う程度の能力がつく
68,【結界操作】,50000,;プレイヤーにABL:結界を操る程度の能力がつく
	;;70番からは体質変化の薬等を。「？薬の材料」はCSVのみ残って、実際のSHOPには処理がなかったので削除
70,元気になる薬,1000,;体力を回復する
71,薬の材料(双),20000,;ふたなりにする
72,薬の材料(消),10000,;ふたなりを消去する
73,青の飴玉,20000,;体が成長するキャンディ。母乳体質になる
74,赤の飴玉,20000,;体が若返るキャンディ。処女膜が再生する
75,豊胸剤,20000,;胸の大きさを1段階上げる。爆乳使用不可
76,縮胸剤,10000,;胸の大きさを1段階下げる。絶壁使用不可
77,止乳剤,5000,;母乳が出なくなる
78,尿漏れ改善薬,5000,;お漏らし癖が直る。
;79,黄の飴玉,20000,;胎児を早期出産させて母胎外で育てるようになる。妊娠中に使うと産卵する
	;;80番以降は何か特殊なアイテムの枠に
80,金の飴玉,30000,;小柄体型持ちを成長させる
;81,黒の飴玉,50000,;EX化させる　→無くなった。2周目に行くときに
83,虹の飴玉,500000,;プレイヤーの性別を変える
;;85,エンゲージリング,1000000,;すべてを捨てて、愛しのあの子と添い遂げる
86,赤い首輪,1000000,;主人の専属奴隷となる契約を立てた証
87,隷属の証,100000,;永遠に主人の妾となる誓いを立てた証
98,記憶消去薬,100000,;処女、ふたなり、母乳体質、経験、感覚の変化を残した状態で、残りのパラメータを全て初期化
;;99,【初月の証】,10,;初月モードに突入

;;J用アイテム各種
500,シダーウッド,2,;消費体力-10％のお香						レア度☆☆
501,サイプレスウッド,3,;消費体力-20％のお香					レア度☆☆☆
502,アローズウッド,5,;消費体力-50％のお香					レア度☆☆☆☆☆
503,ペパーミント,2,;消費気力-10％のお香						レア度☆☆
504,メリッサ,3,;消費気力-20％のお香							レア度☆☆☆
505,ミルトス,5,;消費気力-50％のお香							レア度☆☆☆☆☆
506,ジャスミン,2,;ムード+2のお香							レア度☆☆
507,ラヴェンダー,3,;ムード+4のお香							レア度☆☆☆
508,ムスク,5,;ムード+10のお香								レア度☆☆☆☆☆
509,フランキンセンス,5,;消費体力・気力-30％、ムード+5のお香	レア度☆☆☆☆☆
510,惚れ薬ホレールＡ,1,;好感度+50の惚れ薬					レア度☆
511,惚れ薬シチリンＸ,3,;好感度+200の惚れ薬					レア度☆☆☆
512,惚れ薬ヤゴコロＺ,5,;好感度+2000の惚れ薬					レア度☆☆☆☆☆
513,銘酒「月世界」,1,;ほろ酔い値+20のお酒					レア度☆
514,銘酒「鬼殺し」,3,;ほろ酔い値+40のお酒					レア度☆☆☆
515,スピリタス,5,;ほろ酔い値+100のお酒						レア度☆☆☆☆☆
516,お天気ママさん,4,;晴れと雨を入れ替える					レア度☆☆☆☆
517,秘仙丹,6,;体力・気力を全回復する						レア度ＭＡＸ
518,天界の桃,6,;体力・気力上限+100							レア度ＭＡＸ

519,新芽のエキス,3,;一時的に貧乳にするエキス				レア度☆☆☆
520,若木のエキス,3,;一時的に乳を普通サイズにするエキス		レア度☆☆☆
521,大樹のエキス,3,;一時的に巨乳にするエキス				レア度☆☆☆
522,朝の雫,4,;一時的に小柄体型にするエキス					レア度☆☆☆☆
523,夜の雫,4,;一時的に小型体型をなくすエキス				レア度☆☆☆☆
524,紫色の秘薬,5,;一時的にパチュリー体質になれる秘薬		レア度☆☆☆☆☆
525,満月の秘薬,4,;一時的に獣耳になれる秘薬					レア度☆☆☆☆
526,娼婦の秘薬,4,;一時的に魔性のテクニックを得られる秘薬	レア度☆☆☆☆☆
527,赤色の秘薬,6,;一時的に体力の上限がなくなる秘薬			レア度ＭＡＸ
528,桃色の秘薬,3,;一時的にパートナーを発情させる秘薬		レア度☆☆☆
529,空色の秘薬,4,;一時的に羽が生える秘薬					レア度☆☆☆☆
530,黒猫の秘薬,4,;一時的に猫になれる秘薬					レア度☆☆☆☆

;レシピ取得アイテム
800,レシピの断片,1
801,絵で見る錬金術,1
802,初等錬金術講座,1
803,中等錬金術講座,1
804,高等錬金術講座,1

;調合により作成されるアイテム
;850,ペンデュラム
;851,魔法瓶
852,ライオットドール
853,壊れたドール
854,紅魔サーキット
855,冥界サーキット
856,永夜サーキット
857,博麗サーキット
858,守矢サーキット
859,地霊サーキット
860,聖輦サーキット
861,神霊サーキット

;素材アイテム　ITEMPRICEは素材のレア度
900,雑草,0
901,薬草,0
902,どんぐり,1
903,りんご,2
904,牛乳,3
905,四葉のクローバー,4
906,長ネギ,1
907,カレー粉,2
908,ヤツメウナギ,3
909,ポーション,4
910,茶葉,1
911,亀の甲羅,2
912,紅白まんじゅう,3
913,お札,4
914,湖の水,1
915,カエル,2
916,純水の氷,3
917,紅い霧の瓶詰め,4
918,ひまわり,1
919,蜂蜜,2
920,蓮の花,3
921,プロテア,4
922,ベニテングタケ,1
923,コウモリの羽,2
924,大理石のカケラ,3
925,小さなヒトダマ,4
926,電池,1
927,温泉のお湯,1
928,温泉卵,2
929,硫黄,3
930,湯の花,4
931,アオカビ,1
932,銀の食器,2
933,魔女のお香,3
934,禁書目録,4
935,梅の花びら,1
936,焼き鳥,2
937,ふしぎなキノコ,3
938,ｿﾒｲﾖｼﾉの花びら,4
939,ポップコーン,1
940,ｿﾌﾄｸﾘｰﾑ,2
941,ネズミのしっぽ,4
942,ヒトデ,1
943,硝子のカケラ,2
944,サンゴ,4
945,孔雀の羽,2
946,ライオンの鬣,4
947,海水,1
948,貝殻,2
949,真珠,4
950,漢書,1
951,ミイラ,2
952,化石,4
953,ﾌｨﾙﾑの切れ端,2
954,豆,4
955,銃弾,4
956,黒い髪,4
957,リボン,4
958,魚,2
959,ウミネコ,4
960,真っ赤な彼岸花,4
961,餅,1
962,桃,2
963,ロケットの破片,3
964,月の石,4
965,汚れた布きれ,1
966,鉄クズ,2
967,天狗の羽,3
968,御柱,4
969,まな板,2
970,小さな要石,3
971,無縫の天衣,4
972,骨,1
973,車輪,2
974,黒太陽の炎,3
975,不思議な眼球,4
976,ハリボテ,1
977,鉄板,2
978,マグマの杖,4
979,丈夫な糸,1
980,妖精の羽,2
981,盗品,4
982,掴める雲,1
983,虎の毛皮,2
984,船の一部,3
985,数珠,4
986,アホ毛,2
987,バラの棘,3
988,ダークマター,4
989,肉,2
990,騎馬の手綱,4
991,十字架,1
992,聖骸布,4
