0,処女

10,臆病,;ABL:従順が上げやすい。PALAM:反感が上がりにくい
11,反抗的,;コマンドを実行しにくい。売却の際に従順4以上必要。PALAM:恭順と欲情が上がりにくい
12,気丈,;コマンドを実行しにくい。売却の際に従順4以上必要
13,素直,;コマンドを実行しやすい。ABL:従順と奉仕精神が上げやすい。PALAM:恭順が上がりやすい
14,大人しい,;PALAM:反感が上がりにくい
15,プライド高い,;コマンドを実行しにくい。ABL:技巧と奉仕精神が上げにくい。PALAM:屈服が上がりにくい
16,生意気,;ABL:従順と奉仕精神が上げにくい。
17,プライド低い,;コマンドを実行しやすい。ABL:奉仕精神が上げやすい。PALAM:屈服が上がりやすい
18,ツンデレ,;反抗的を同時に持つ場合、従順4以上で反抗的→素直に変更

20,自制心,;売却の際に欲望4以上必要。ABL:奉仕精神が上げにくい。快楽系PALAMが上がりにくい
21,無関心,;ABL:奉仕精神が上げにくい。PALAM:恭順、欲情、屈服、恐怖、反感が上がりにくい
22,感情乏しい,;ABL:奉仕精神が上げにくい。PALAMが全体的に上がりにくい
23,好奇心,;コマンドを実行しやすい。PALAM:習得が上がりやすい
24,保守的,;コマンドを実行しにくい。ABL:奉仕精神が上げにくい。PALAM:習得が上がりにくい
25,楽観的,;ABL:奉仕精神が上げやすい。PALAM:抑鬱が上がりにくい
26,悲観的,;ABL:奉仕精神が上げやすい。PALAM:抑鬱が上がりやすい
27,一線越えない,;全てのABLが上げにくい
28,目立ちたがり,;コマンドを実行しやすい。ABL:奉仕精神と露出癖が上げやすい

30,貞操観念,;情愛系調教の効果が低い。PALAM:反感が上がりやすい
31,貞操無頓着,;情愛系調教の効果が低い。PALAM:反感が上がりにくい
32,抑圧,;コマンドを実行しにくい。売却の際に欲望4以上必要。PALAM:欲情が上がりにくい。PALAM:反感が上がりやすい
33,解放,;ABL:マゾっ気が上げやすい。PALAM:欲情と屈服が上がりやすい
34,抵抗,;コマンドを実行しにくい。売却の際に欲望4以上必要。PALAM:欲情が上がりにくい。PALAM:反感が上がりやすい
35,恥じらい,;コマンドを実行しにくい。露出系調教の効果が高い
36,恥薄い,;露出系調教の効果が低い
37,弱味,;コマンドを実行しやすい

40,痛みに弱い,;PALAM:恐怖と反感が上がりやすい。ABL:マゾっ気があるとSM系調教でPALAM:欲情が上がりやすい
41,痛みに強い,;PALAM:恐怖と反感が上がりにくい
42,濡れやすい,;PALAM:潤滑が上がりやすい
43,濡れにくい,;PALAM:潤滑が上がりにくい

50,習得早い,;ABL:奉仕精神が上げやすい。PALAM:習得が上がりやすい
51,習得遅い,;ABL:奉仕精神が上げにくい。PALAM:習得が上がりにくい
52,舌使い,;フェラ系調教の効果が高い
53,針さばき,;コマンド「針」の効果が高い
54,猫舌,;フェラ系調教が実行不可
55,調合知識,;特殊なアイテムを購入できる。コマンド「媚薬」の体力と気力の消費が少ない
56,薬毒耐性,;コマンド「媚薬」が実行不可
57,おもらし癖,;放尿コマンドが常に使えるようになる。絶頂時に放尿。
58,淫具知識,;大人のオモチャの扱いを熟知している。道具を使ったコマンドの効果が上昇する

60,自慰しやすい,;自慰関連が実行しやすい。ABL:自慰中毒が上げやすい
61,汚臭鈍感,;フェラ系調教を実行しやすい。ABL:精液中毒が上げやすい
62,汚臭敏感,;フェラ系調教を実行しにくい。ABL:精液中毒が上げにくい
63,献身的,;奉仕系調教を実行しやすい。ABL:奉仕精神が上げやすい。PALAM:屈服が上がりやすい
64,汚れ無視,;調教者の時に汚れによるペナルティをうけない
65,パイパン,;陰毛を完全に剃られてツルツルな状態。

70,快感に素直,;コマンドを実行しやすい。ABL:欲望と奉仕精神が上げやすい。PALAM:欲情が上がりやすい
71,快感の否定,;コマンドを実行しにくい。PALAM:欲情が上がりにくい
72,中毒しやすい,;ABL:自慰中毒、精液中毒、レズ中毒が上げやすい
73,即落ち,;コマンドを実行しやすい。調教時にABLが上がる事がある
74,淫壷,;Ｖ系コマンドの効果アップ。PALAM:欲情・潤滑・恭順が上がりやすく、抑鬱が上がりにくい
75,淫核,;Ｃ系コマンド実行時にPALAM:習得・潤滑・欲情が上がりやすい。逆に抑鬱が上がりにくい
76,淫乱,;コマンドを実行しやすい。ABLが全体的に上がりやすい
77,尻穴狂い,;Ａ系コマンドの効果アップ。Ａ系コマンド実行時、PALAM:欲情・潤滑・恭順が上がりやすく、恐怖・反感が上がりにくくなる。
78,淫乳,;Ｂ系コマンド実行時、効果上昇。胸系追加コマンドの場合効果さらに増大
79,マゾ,;SM系コマンドの効果アップ。PALAM:欲情等が上がりやすく、苦痛による気力体力の消費も軽減。ABL:露出癖とマゾっ気を上げやすい

80,倒錯的,;SM系調教の効果が高い。ABLが全体的に上がりやすい
81,両刀,;レズ調教を実行しやすい。ABL:レズ、レズ中毒が上げやすい
82,男嫌い,;オトコによる調教が実行しにくい
83,サド,;調教者の時にコマンドを実行しやすい。ABL:奉仕精神が上げにくい
84,嫉妬,;
85,恋慕,;主人による調教が実行しやすい。PALAM:屈服が上がりやすい
86,妄信,;コマンドを実行しやすい。PALAM:屈服が上がりやすい
87,小悪魔,;調教者の時にコマンドを実行しやすい
88,親愛,;愛の証
89,相愛,;極度の依存状態

90,妖狐,;調教者の時にPALAM:恥情が上がりやすい。助手時に「媚薬」が手に入る事がある
91,魅惑,;調教者の時にコマンドを実行しやすい。調教者の時にPALAMが全体的に上がりやすい
92,謎の魅力,;調教者の時にコマンドを実行しやすい。調教者の時にPALAMが全体的に上がりやすい
93,狐,;助手化の際に妖狐になる

100,小柄体型,;PALAM:苦痛、恐怖が上がりやすい
101,Ｃ鈍感,;PALAM:快Ｃが上がりにくい
102,Ｃ敏感,;PALAM:快Ｃが上がりやすい
103,Ｖ鈍感,;PALAM:快Ｖが上がりにくい
104,Ｖ敏感,;PALAM:快Ｖが上がりやすい
105,Ａ鈍感,;PALAM:快Ａが上がりにくい
106,Ａ敏感,;PALAM:快Ａが上がりやすい
107,Ｂ鈍感,;PALAM:快Ｂが上がりにくい
108,Ｂ敏感,;PALAM:快Ｂが上がりやすい
109,貧乳,;ABL:Ｂ感覚が上げやすい。胸関連の調教にペナルティ
110,巨乳,;ABL:Ｂ感覚が上げにくい。胸関連の調教にボーナス
111,回復早い,;体力回復量が多い
112,回復遅い,;体力回復量が少ない
113,魅力,;売却額増加
114,吸血鬼,;夜休憩時体力回復量上昇、昼間は野外に出られない
115,日光浴,;昼休憩時体力回復量上昇
116,月光浴,;夜休憩時体力回復量上昇
117,治療,;助手の時に体力回復量上昇
118,鼓舞,;助手の時にコマンドを実行しやすい。助手の時に調教終了後の自慰回数増加
119,半人半妖,;オトコでなくてもSEX系調教が可能

120,不思議な根,;助手化の際にふたなりになる
121,ふたなり,;オトコでなくてもSEX系調教が可能
122,オトコ,;男である
123,狂気,;売却額がかなり低下
124,動物耳,;売却額増加
125,禁断の知識,;特殊なアイテムやコマンドを実行できる
126,人気,;売却額増加
127,具現,;助手化の際にふたなりになる
128,蓬莱人,;死亡時に蘇生。体力回復量が多い
129,狂気の目,;(現在では実装されていないが処理だけは行われているらしいので枠を確保)

130,母乳体質,;噴乳する
131,幼児,;調教者の時に相手を母乳体質にする。胸関連の調教の効果が高い
132,幼稚,;調教者の時に相手を母乳体質にする。調教者の時に胸関連の調教の効果が高い
133,早漏,;射精が早くなる
134,妊娠,;にんっしんっしている
135,育児中,;子供を育てている最中である証
136,母性,;子を産んだ母の愛（表示だけ実装）
137,危険日,;中田氏すると危険が危ない。妊娠確立うｐ
138,生理,;戦闘能力低下。反発あがりやすい

;着痩せ以外は詰め合わせから移植
;実装するかは未定
;140,絶壁,;ABL:Ｂ感覚が特に上げやすい。胸関連の調教が一部不可能なぐらいペナルティ
;141,爆乳,;ABL:Ｂ感覚がかなり上げにくい。胸関連の調教に結構ボーナス
142,着痩せ,;インビジブルパッチ用。非表示
;147,呪精,;死亡時に蘇生。ペナルティが多い
;148,機械,;ロボットである。薬、浣腸のほとんどに制限、体質の変化不能
149,小人体型,;普通の体型のキャラと大きな体格差が生じる。出来なくなるコマンドも多いが……？

;150番台　純愛用
150,パートナー,;最初にパートナーとして選択した証。好感度にボーナス
151,キス未経験,;ファーストキスが済んでいない状態
152,合意,;ネチョい事をしても良いよ、と認めた状態
153,恋人,;告白に成功した状態。正直恋慕で代用できた気もする
154,童貞,;さぁ誰に捧げようか
155,キス魔,;隙あらばちゅっちゅ。PALAM:恭順・好意が上がりやすい

;180番台は鬼畜系の素質の欄に
180,服従,;身も心も奴隷になった証
181,烙印,;永遠に主人のものとなった奴隷の証　※この素質がついている奴隷は売却できなくなります
182,隷属,;最高の奴隷である証。奴隷になっていることを誇りに思っている


;200～　各個人専用（？）趣味素質
200,女性を虜にする程度の能力,;「あなた」用。
201,eraVoiceroidJも支配する程度の能力,;このゲームはゆかり様に乗っ取られました
202,脱衣制限解除,;Stage1～3でも、Stage4以降の扱い（服脱がし強制成功、戦闘中の脱衣OK）＋戦闘中に最初から脱ぐ
203,恋人ボーナス強化,;恋人の人数によって得られるボーナスの量が1.5倍
204,恋慕ボーナス強化,;恋慕の人数によって得られるボーナスの量が2倍
205,親愛ボーナス強化,;親愛の人数によって得られるボーナスの量が3倍
206,淫乱ボーナス強化,;淫乱の人数によって得られるボーナスの量が3倍
207,逃走能力強化,;撤退が必ず成功する
208,後戻りできる程度の能力,;前のStageに戻れるようになる
209,野菜を育てる程度の能力,;畑仕事で得られる資金が通常の10倍（主人公があなたの時限定）
210,バグだらけな程度の能力,;Phモードの「あなた」用。この人はサポート対象外です
211,変身魔法,;デート相手によっては外界でのデートに必要
212,結界操作,;外界でのデートに必要
213,羽,;人外たる証。変身魔法が無いと外界でのデートが出来ない
214,角,;人外たる証。変身魔法が無いと外界でのデートが出来ない
215,しっぽ,;人外たる証。変身魔法が無いと外界でのデートが出来ない
216,淫魔,;マキ様専用、有利属性大量付加＋不利属性消去、やっぱりサキュバスじゃないか
217,酒豪,;トップクラスのお酒飲み
218,眷属,;後天的に吸血鬼となった者。吸血鬼としての能力は生まれつきの吸血鬼より落ちている
219,虜,;パートナーに骨抜きにされた状態の証
220,主人,;MASTERを骨抜きにした証
221,お嫁さん,;パートナーからエンゲージリングを受け取った証
222,お婿さん,;エンゲージリングを渡した証

240,千里眼,;Stage攻略中に常に中ボス・ボスの居場所が分かる
241,恋人ボーナス,;恋人の人数によって戦闘力ボーナスが得られる
242,恋慕ボーナス,;恋慕の人数によって戦闘時の防御力ボーナスが得られる
243,親愛ボーナス,;親愛の人数によって戦闘力ボーナスが得られる
244,淫乱ボーナス,;淫乱の人数によって耐力・魔力ボーナスが得られる

589,蕩唇,;M系コマンド効果アップ。PALM快M、恭順、欲情が上がりやすくなり、抑鬱が上がりにくくなる
596,Ｍ鈍感,;PALAM:快Ｍが上がりにくい
597,Ｍ敏感,;PALAM:快Ｍが上がりやすい

998,Debug,;デバッグ用
