;;0番台,愛撫系コマンド
0,愛撫
1,クンニ
2,アナル愛撫
3,自慰
4,フェラする
5,胸愛撫
6,キスする
7,何もしない
8,指挿入れ
9,アナル舐め
;;10番台,道具使用コマンド
10,ローター
11,バイブ
;12,Ｅマッサージャ
13,アナルバイブ
;14,クリキャップ
;15,二プルキャップ
;16,搾乳機
17,オナホール
18,シャワー
19,アナルビーズ
;;20番台,セックス系コマンド
20,正常位
21,後背位
22,アナルセックス
23,逆レイプ
24,対面座位
25,背面座位
26,正常位アナル
27,後背位アナル
28,対面座位アナル
29,背面座位アナル
;;30番台,奉仕系コマンド
30,手淫
31,フェラチオ
32,パイズリ
33,素股
34,騎乗位
35,泡踊り
36,騎乗位アナル
37,足扱き
38,尻素股
39,オナホ手淫
;;40番台,SM系コマンド
40,スパンキング
41,鞭
42,針
43,アイマスク
44,縄
45,ボールギャグ
46,浣腸器＋プラグ
;47,空気浣腸
;48,拡張バルーン
;49,アナル電極
;;50番台,特殊コマンド
50,ローション
51,媚薬
52,利尿剤
53,ビデオカメラ
54,野外プレイ
;55,
56,助手を犯す
57,羞恥プレイ
58,お風呂場プレイ
59,新妻プレイ
;;60番台,助手によるコマンド、及びレズプレイ
;60,助手にキス
61,クンニ強制
;;62,ダブル素股,(派生コマンド)
63,貝あわせ
;;64,３Ｐ,(派生コマンド)
65,助手を犯させる
66,Ｗフェラ
67,足コキする
68,ダブルフェラ
;;69,シックスナイン,(派生コマンド)
;;70番台,変わった調教コマンド
;70,罵倒
71,秘貝開帳
;72,サラシ
;73,スク水プレイ
74,公開野外ライブ
75,言葉責め
;78,鰻風呂
;79,蟲風呂
;;80番台,ハードな調教コマンド
80,イラマチオ
;81,フィストファック
;82,アナルフィスト
;83,両穴フィスト
;;84,Ｇスポット刺激,(派生コマンド)
85,放尿
;;86,強制放尿,(派生コマンド)
;;87,岩清水,(派生コマンド)
;;88,乱れ牡丹,(派生コマンド)
;89,女体盛り
;;90番台,Ａの奉仕（？）コマンド暫定
90,アナル愛撫させる
;93,アナル奉仕強制
99,触手変身
;;100番台,触手系コマンド
100,触手召喚
101,触手挿入
102,アナル触手
103,触手クリ責め
104,触手乳首責め
105,触手搾乳
106,触手緊縛
107,触手浣腸
108,触手口辱
109,触手ペニス責め
;;110番台,特殊な調教道具コマンド
110,クスコ
;111,クリトリス注射
;112,ヴァギナ注射
;113,アナル注射
;114,バスト注射
;115,お医者プレイ
116,触手同時責め

;;120番台(暫定),キス性交系コマンド他
120,キス正常位
121,キス後背位
122,キス対面座位
123,キス背面座位
124,キス騎乗位
;;125,キス３Ｐ,(派生コマンド)

128,膣酒呑み

;;130番台(暫定),あなた拘束系コマンド
130,目隠しされる
131,拘束される
132,口枷される

;;140番台(暫定),尻尾系コマンド
140,尻尾コキ

146,ウサ耳コキ

;;150番台(暫定),キャラ固有コマンド
150,吸血
151,吸血させる
152,半霊を犯す
;153,尻子玉抜き
;154,焼芋責め
;155,巨峰責め
;156,荊
;157,人形愛撫
;158,蜘蛛の糸
;159,蜘蛛の脚
;160,全身コキ
;161,鈴蘭の毒
;162,昆虫採集セットの薬
;163,わかめ酒
;164,筆責め
;165,氷柱責め
166,角愛撫
167,角挿入
168,角アナル挿入
;169,豆炙り
;170,アナル卒塔婆
;;171,御所車(未完成)
;172,暗闇

;;180～妊娠パッチ関連
181,コンドーム
182,コンドーム精飲(P)
183,コンドーム精飲(A)
184,コンドーム精飲(M)
185,口移し
186,排卵誘発剤
187,緊急避妊薬

;;190,調教者奉仕コマンド
190,優しくする
191,手淫する
192,パイズリする
193,正常位させる
194,後背位させる
195,騎乗位する
196,ペニバン挿入
197,お風呂を楽しむ
198,お外を楽しむ
199,お嫁さんで楽しむ
200,乳の揉み合い
201,指フェラ
202,ワカメ酒
203,クスコされる
204,アナルに入れさせる
205,自慰見せつけ
;;207,お嫁さんで楽しませる（未実装）

;;210,誘う

255,挿入Ｇスポ責め,;(派生コマンド)
256,挿入子宮口責め,;(派生コマンド)
257,剃毛プレイ

280,口上独自ウフフ1
281,口上独自ウフフ2
282,口上独自ウフフ3
283,口上独自ウフフ4
284,口上独自ウフフ5
;;300番以降　純愛モード用
;;300～319　コミュニケーション系コマンド
300,戦闘訓練
301,会話
302,プレゼント
303,スキンシップ,;旧番号304
304,まったりする,;旧番号307
305,家事,;旧番号308
306,髪梳き,;旧番号320
307,櫛で梳かす,;旧番号321
308,羽繕い,;旧番号327
309,素材探し
310,調合
311,甘い言葉
312,頭を撫でる
313,願掛け
314,炬燵にあたる
315,お散歩する
316,髪を梳いて貰う
317,羽繕いして貰う

;;320～339　外出系コマンド
320,宴会に参加,;旧番号303
321,遊びに行く,;旧番号305
322,ストリートライブ,;旧番号315
323,デート,;旧番号306

325,縁側でくつろぐ

;;340～359　キス系コマンド
340,バードキス,;旧番号309
341,ソフトキス,;旧番号310
342,ディープキス,;旧番号311


;;360～389　ウフフ系コマンド
360,胸愛撫,;旧番号312
361,愛撫,;旧番号313
362,指挿入れ,;旧番号322？ちょっと別物だけど
363,セックス,;旧番号323？着衣正常位に相当;;着衣版はあんまり細分化しない方が良いと思ったんだ
364,着衣Ｇスポット刺激,;(派生コマンド)旧番号324
365,着衣後背位,;旧番号325
366,着衣騎乗位,;旧番号326
367,着衣ローター
368,炬燵かがり
;369,炬燵隠れ
370,抱き合う
371,オムツ
372,尻愛撫
373,フェラチオ

380,フェラする
381,セックスさせる

;;390～399　特殊系コマンド
390,賭博,;旧番号316
391,衣装替え
392,衣装破り
393,見つめあう
;;398,写真撮影（未実装）
399,告白する,;旧番号314

;;400～　特殊系コマンド２（暫定）
400,幽明の苦輪

410,口上独自純愛1
411,口上独自純愛2
412,口上独自純愛3
413,口上独自純愛4
414,口上独自純愛5

;REVMODE用コマンド
500,キス
501,クンニ
502,フェラする
503,胸愛撫
504,消極的にやる
505,積極的にやる
506,快感に耐える
507,快感を受け入れる
508,おねだり




;999,強制終了用ダミーコマンド
