;0番台はデート中以外は定義だけして自動表示はしない
1,ハクタク化
2,デート中
3,イノセンス
4,アクセサリ
5,調合アイテム使用中
6,デート場所詳細
7,炬燵

;10～40番台はキャラ毎に自動的に表示
11,バイブ
13,アナルバイブ
14,クリキャップ
15,クリップローター
16,搾乳機
17,オナホール
18,シャワー
19,アナルビーズ
20,オムツ

21,媚薬効果発揮中
22,利尿剤効果発揮中
23,幽明の苦輪
24,歌唱中
25,押し倒し中

28,発情香効果発揮中

36,着衣ローター

40,素質変化記録
41,体力上限なし
42,触手緊縛
43,アイマスク
44,縄で緊縛
45,ボールギャグ
46,普通の浣腸
47,空気浣腸
48,バルーン
49,アナル電極

;50～58はまとめて表示

;53はビデオ枠
53,撮影中
54,野外プレイ中
56,羞恥（浄玻璃の鏡）プレイ中
57,羞恥（大鏡）プレイ中
58,お風呂場プレイ中

;59～61はキャラ毎に自動表示
59,裸エプロン
60,スク水
61,クスコ

;62～69は65を除いてはまとめて表示
62,お医者プレイ中

;65はコスプレ枠
65,コスプレ

69,女体盛りプレイ中

;70～86はキャラ毎に自動表示
70,巨峰
71,焼芋
72,荊縛り
73,蜘蛛の糸縛り
74,鈴蘭の毒
75,昆虫採集セット薬
76,サラシ

78,鰻風呂プレイ
79,氷柱
80,暗闇プレイ

85,コンドーム
86,排卵誘発剤効果発揮中
87,緊急避妊薬準備済み

89,触手変身
90,触手プレイ
92,蟲風呂プレイ
98,触手口辱

101,ペニス
102,クリトリス
103,指
104,口
105,胸
106,膣
107,アナル
110,体位

111,ペニス２
112,クリトリス２
113,指２
114,口２
115,胸２
116,膣２
117,アナル２
120,体位２
